{
    "manifestVersion": 5,
    "id": "DWFiv3.SylvaLoop",
    "name": "DWFiv3's Sylva Passanger Loop",
    "version": "1.2.4",
    "updateUrl": "https://raw.githubusercontent.com/DWFiv3/SylvaLoop/refs/heads/main/update/update.json",
    "conflictsWith": [
        "DW5.SylvaLoop",
        "PrinceOfPluto.SylvaJctWye",
        "AlinaNova21.AMM_AlarkaPaxStorage"
    ],
    "requires": [
        {
            "id": "railloader",
            "notBefore": "1.8.2.1"
          },
        {
            "id": "Zamu.StrangeCustoms",
            "notBefore": "1.7.24194.2259"
        }
    ],
    "mixintos": {
        "game-graph": "file(DW5SylvaLoop.json)"
    }
}
