{
    "manifestVersion": 5,
    "id": "DW5.SylvaLoop",
    "name": "DWFiv3's Sylva Passanger Loop",
    "version": "1.2.0",
    "updateUrl": "https://raw.githubusercontent.com/DWFiv3/RailRoader/main/DW5SylvaLoop/update/update.json",
    "requires": [
        {
            "id": "railloader",
            "notBefore": "1.8.2.1"
        },
        {
            "id": "Zamu.StrangeCustoms",
            "notBefore": "1.7.24194.2259"
        }
    ],
    "conflicts": [
        "PrinceOfPluto.SylvaJctWye",
        "AlinaNova21.AMM_AlarkaPaxStorage"
    ],
    "mixintos": {
        "game-graph": "file(DW5SylvaLoop.json)"
    }
}
